species,weblink
absidia_glauca,ftp://ftp.ensemblgenomes.org/pub/release-36/fungi/fasta/fungi_fungiincertaesedis1_collection/absidia_glauca/cds/
acidomyces_richmondensis_bfw,ftp://ftp.ensemblgenomes.org/pub/release-36/fungi/fasta/fungi_ascomycota3_collection/acidomyces_richmondensis_bfw/cds/
acremonium_chrysogenum_atcc_11550,ftp://ftp.ensemblgenomes.org/pub/release-36/fungi/fasta/fungi_ascomycota1_collection/acremonium_chrysogenum_atcc_11550/cds/
agaricus_bisporus_var_burnettii_jb137_s8,ftp://ftp.ensemblgenomes.org/pub/release-36/fungi/fasta/fungi_basidiomycota1_collection/agaricus_bisporus_var_burnettii_jb137_s8/cds/
allomyces_macrogynus_atcc_38327,ftp://ftp.ensemblgenomes.org/pub/release-36/fungi/fasta/fungi_blastocladiomycota1_collection/allomyces_macrogynus_atcc_38327/cds/
alternaria_alternata,ftp://ftp.ensemblgenomes.org/pub/release-36/fungi/fasta/fungi_ascomycota3_collection/alternaria_alternata/cds/
amanita_muscaria_koide_bx008,ftp://ftp.ensemblgenomes.org/pub/release-36/fungi/fasta/fungi_basidiomycota1_collection/amanita_muscaria_koide_bx008/cds/
anncaliia_algerae_pra339,ftp://ftp.ensemblgenomes.org/pub/release-36/fungi/fasta/fungi_microsporidia1_collection/anncaliia_algerae_pra339/cds/
anthracocystis_flocculosa_pf_1,ftp://ftp.ensemblgenomes.org/pub/release-36/fungi/fasta/fungi_basidiomycota1_collection/anthracocystis_flocculosa_pf_1/cds/
arthrobotrys_oligospora_atcc_24927,ftp://ftp.ensemblgenomes.org/pub/release-36/fungi/fasta/fungi_ascomycota1_collection/arthrobotrys_oligospora_atcc_24927/cds/
arthroderma_benhamiae_cbs_112371,ftp://ftp.ensemblgenomes.org/pub/release-36/fungi/fasta/fungi_ascomycota1_collection/arthroderma_benhamiae_cbs_112371/cds/
arthroderma_otae_cbs_113480,ftp://ftp.ensemblgenomes.org/pub/release-36/fungi/fasta/fungi_ascomycota1_collection/arthroderma_otae_cbs_113480/cds/
aschersonia_aleyrodis_rcef_2490,ftp://ftp.ensemblgenomes.org/pub/release-36/fungi/fasta/fungi_ascomycota3_collection/aschersonia_aleyrodis_rcef_2490/cds/
ascochyta_rabiei,ftp://ftp.ensemblgenomes.org/pub/release-36/fungi/fasta/fungi_ascomycota3_collection/ascochyta_rabiei/cds/
ascoidea_rubescens_dsm_1968,ftp://ftp.ensemblgenomes.org/pub/release-36/fungi/fasta/fungi_ascomycota3_collection/ascoidea_rubescens_dsm_1968/cds/
ascosphaera_apis_arsef_7405,ftp://ftp.ensemblgenomes.org/pub/release-36/fungi/fasta/fungi_ascomycota3_collection/ascosphaera_apis_arsef_7405/cds/
ashbya_gossypii,ftp://ftp.ensemblgenomes.org/pub/release-36/fungi/fasta/ashbya_gossypii/cds/
aspergillus_calidoustus,ftp://ftp.ensemblgenomes.org/pub/release-36/fungi/fasta/fungi_ascomycota3_collection/aspergillus_calidoustus/cds/
aspergillus_clavatus,ftp://ftp.ensemblgenomes.org/pub/release-36/fungi/fasta/aspergillus_clavatus/cds/
aspergillus_cristatus,ftp://ftp.ensemblgenomes.org/pub/release-36/fungi/fasta/fungi_ascomycota3_collection/aspergillus_cristatus/cds/
aspergillus_flavus,ftp://ftp.ensemblgenomes.org/pub/release-36/fungi/fasta/aspergillus_flavus/cds/
aspergillus_fumigatus,ftp://ftp.ensemblgenomes.org/pub/release-36/fungi/fasta/aspergillus_fumigatus/cds/
aspergillus_lentulus,ftp://ftp.ensemblgenomes.org/pub/release-36/fungi/fasta/fungi_ascomycota3_collection/aspergillus_lentulus/cds/
aspergillus_luchuensis,ftp://ftp.ensemblgenomes.org/pub/release-36/fungi/fasta/fungi_ascomycota3_collection/aspergillus_luchuensis/cds/
aspergillus_nidulans,ftp://ftp.ensemblgenomes.org/pub/release-36/fungi/fasta/aspergillus_nidulans/cds/
aspergillus_niger,ftp://ftp.ensemblgenomes.org/pub/release-36/fungi/fasta/aspergillus_niger/cds/
aspergillus_nomius_nrrl_13137,ftp://ftp.ensemblgenomes.org/pub/release-36/fungi/fasta/fungi_ascomycota3_collection/aspergillus_nomius_nrrl_13137/cds/
aspergillus_ochraceoroseus,ftp://ftp.ensemblgenomes.org/pub/release-36/fungi/fasta/fungi_ascomycota2_collection/aspergillus_ochraceoroseus/cds/
aspergillus_oryzae,ftp://ftp.ensemblgenomes.org/pub/release-36/fungi/fasta/aspergillus_oryzae/cds/
aspergillus_parasiticus_su_1,ftp://ftp.ensemblgenomes.org/pub/release-36/fungi/fasta/fungi_ascomycota3_collection/aspergillus_parasiticus_su_1/cds/
aspergillus_rambellii,ftp://ftp.ensemblgenomes.org/pub/release-36/fungi/fasta/fungi_ascomycota2_collection/aspergillus_rambellii/cds/
aspergillus_ruber_cbs_135680,ftp://ftp.ensemblgenomes.org/pub/release-36/fungi/fasta/fungi_ascomycota1_collection/aspergillus_ruber_cbs_135680/cds/
aspergillus_terreus,ftp://ftp.ensemblgenomes.org/pub/release-36/fungi/fasta/aspergillus_terreus/cds/
aspergillus_udagawae,ftp://ftp.ensemblgenomes.org/pub/release-36/fungi/fasta/fungi_ascomycota3_collection/aspergillus_udagawae/cds/
aspergillus_ustus,ftp://ftp.ensemblgenomes.org/pub/release-36/fungi/fasta/fungi_ascomycota2_collection/aspergillus_ustus/cds/
aureobasidium_melanogenum_cbs_110374,ftp://ftp.ensemblgenomes.org/pub/release-36/fungi/fasta/fungi_ascomycota1_collection/aureobasidium_melanogenum_cbs_110374/cds/
aureobasidium_namibiae_cbs_147_97,ftp://ftp.ensemblgenomes.org/pub/release-36/fungi/fasta/fungi_ascomycota1_collection/aureobasidium_namibiae_cbs_147_97/cds/
aureobasidium_subglaciale_exf_2481,ftp://ftp.ensemblgenomes.org/pub/release-36/fungi/fasta/fungi_ascomycota1_collection/aureobasidium_subglaciale_exf_2481/cds/
babjeviella_inositovora_nrrl_y_12698,ftp://ftp.ensemblgenomes.org/pub/release-36/fungi/fasta/fungi_ascomycota3_collection/babjeviella_inositovora_nrrl_y_12698/cds/
batrachochytrium_dendrobatidis_jam81,ftp://ftp.ensemblgenomes.org/pub/release-36/fungi/fasta/fungi_chytridiomycota1_collection/batrachochytrium_dendrobatidis_jam81/cds/
baudoinia_panamericana_uamh_10762,ftp://ftp.ensemblgenomes.org/pub/release-36/fungi/fasta/fungi_ascomycota1_collection/baudoinia_panamericana_uamh_10762/cds/
beauveria_bassiana_arsef_2860,ftp://ftp.ensemblgenomes.org/pub/release-36/fungi/fasta/fungi_ascomycota1_collection/beauveria_bassiana_arsef_2860/cds/
bipolaris_maydis_c5,ftp://ftp.ensemblgenomes.org/pub/release-36/fungi/fasta/fungi_ascomycota1_collection/bipolaris_maydis_c5/cds/
bipolaris_oryzae_atcc_44560,ftp://ftp.ensemblgenomes.org/pub/release-36/fungi/fasta/fungi_ascomycota1_collection/bipolaris_oryzae_atcc_44560/cds/
bipolaris_sorokiniana_nd90pr,ftp://ftp.ensemblgenomes.org/pub/release-36/fungi/fasta/fungi_ascomycota1_collection/bipolaris_sorokiniana_nd90pr/cds/
bipolaris_victoriae_fi3,ftp://ftp.ensemblgenomes.org/pub/release-36/fungi/fasta/fungi_ascomycota1_collection/bipolaris_victoriae_fi3/cds/
bipolaris_zeicola_26_r_13,ftp://ftp.ensemblgenomes.org/pub/release-36/fungi/fasta/fungi_ascomycota1_collection/bipolaris_zeicola_26_r_13/cds/
blastomyces_dermatitidis_er_3,ftp://ftp.ensemblgenomes.org/pub/release-36/fungi/fasta/fungi_ascomycota1_collection/blastomyces_dermatitidis_er_3/cds/
blastomyces_gilchristii_slh14081,ftp://ftp.ensemblgenomes.org/pub/release-36/fungi/fasta/fungi_ascomycota1_collection/blastomyces_gilchristii_slh14081/cds/
blumeria_graminis,ftp://ftp.ensemblgenomes.org/pub/release-36/fungi/fasta/blumeria_graminis/cds/
botryobasidium_botryosum_fd_172_ss1,ftp://ftp.ensemblgenomes.org/pub/release-36/fungi/fasta/fungi_basidiomycota1_collection/botryobasidium_botryosum_fd_172_ss1/cds/
botrytis_cinerea,ftp://ftp.ensemblgenomes.org/pub/release-36/fungi/fasta/botrytis_cinerea/cds/
brettanomyces_bruxellensis_awri1499,ftp://ftp.ensemblgenomes.org/pub/release-36/fungi/fasta/fungi_ascomycota1_collection/brettanomyces_bruxellensis_awri1499/cds/
byssochlamys_spectabilis_no_5,ftp://ftp.ensemblgenomes.org/pub/release-36/fungi/fasta/fungi_ascomycota1_collection/byssochlamys_spectabilis_no_5/cds/
calocera_cornea_hhb12733,ftp://ftp.ensemblgenomes.org/pub/release-36/fungi/fasta/fungi_basidiomycota1_collection/calocera_cornea_hhb12733/cds/
calocera_viscosa_tufc12733,ftp://ftp.ensemblgenomes.org/pub/release-36/fungi/fasta/fungi_basidiomycota1_collection/calocera_viscosa_tufc12733/cds/
candida_albicans_wo_1,ftp://ftp.ensemblgenomes.org/pub/release-36/fungi/fasta/fungi_ascomycota1_collection/candida_albicans_wo_1/cds/
candida_arabinofermentans_nrrl_yb_2248,ftp://ftp.ensemblgenomes.org/pub/release-36/fungi/fasta/fungi_ascomycota3_collection/candida_arabinofermentans_nrrl_yb_2248/cds/
candida_dubliniensis_cd36,ftp://ftp.ensemblgenomes.org/pub/release-36/fungi/fasta/fungi_ascomycota1_collection/candida_dubliniensis_cd36/cds/
candida_maltosa_xu316,ftp://ftp.ensemblgenomes.org/pub/release-36/fungi/fasta/fungi_ascomycota1_collection/candida_maltosa_xu316/cds/
candida_orthopsilosis_co_90_125,ftp://ftp.ensemblgenomes.org/pub/release-36/fungi/fasta/fungi_ascomycota1_collection/candida_orthopsilosis_co_90_125/cds/
candida_parapsilosis_cdc317,ftp://ftp.ensemblgenomes.org/pub/release-36/fungi/fasta/fungi_ascomycota3_collection/candida_parapsilosis_cdc317/cds/
candida_tanzawaensis_nrrl_y_17324,ftp://ftp.ensemblgenomes.org/pub/release-36/fungi/fasta/fungi_ascomycota3_collection/candida_tanzawaensis_nrrl_y_17324/cds/
candida_tropicalis_mya_3404,ftp://ftp.ensemblgenomes.org/pub/release-36/fungi/fasta/fungi_ascomycota1_collection/candida_tropicalis_mya_3404/cds/
capronia_coronata_cbs_617_96,ftp://ftp.ensemblgenomes.org/pub/release-36/fungi/fasta/fungi_ascomycota1_collection/capronia_coronata_cbs_617_96/cds/
capronia_epimyces_cbs_606_96,ftp://ftp.ensemblgenomes.org/pub/release-36/fungi/fasta/fungi_ascomycota1_collection/capronia_epimyces_cbs_606_96/cds/
capronia_semi_immersa,ftp://ftp.ensemblgenomes.org/pub/release-36/fungi/fasta/fungi_ascomycota2_collection/capronia_semi_immersa/cds/
ceraceosorus_bombacis,ftp://ftp.ensemblgenomes.org/pub/release-36/fungi/fasta/fungi_basidiomycota1_collection/ceraceosorus_bombacis/cds/
ceratocystis_platani,ftp://ftp.ensemblgenomes.org/pub/release-36/fungi/fasta/fungi_ascomycota2_collection/ceratocystis_platani/cds/
cercospora_fijiensis_cirad86,ftp://ftp.ensemblgenomes.org/pub/release-36/fungi/fasta/fungi_ascomycota1_collection/cercospora_fijiensis_cirad86/cds/
chaetomium_globosum_cbs_148_51,ftp://ftp.ensemblgenomes.org/pub/release-36/fungi/fasta/fungi_ascomycota1_collection/chaetomium_globosum_cbs_148_51/cds/
chaetomium_thermophilum_var_thermophilum_dsm_1495,ftp://ftp.ensemblgenomes.org/pub/release-36/fungi/fasta/fungi_ascomycota1_collection/chaetomium_thermophilum_var_thermophilum_dsm_1495/cds/
choanephora_cucurbitarum,ftp://ftp.ensemblgenomes.org/pub/release-36/fungi/fasta/fungi_fungiincertaesedis1_collection/choanephora_cucurbitarum/cds/
cladophialophora_bantiana_cbs_173_52,ftp://ftp.ensemblgenomes.org/pub/release-36/fungi/fasta/fungi_ascomycota2_collection/cladophialophora_bantiana_cbs_173_52/cds/
cladophialophora_carrionii_cbs_160_54,ftp://ftp.ensemblgenomes.org/pub/release-36/fungi/fasta/fungi_ascomycota1_collection/cladophialophora_carrionii_cbs_160_54/cds/
cladophialophora_immunda,ftp://ftp.ensemblgenomes.org/pub/release-36/fungi/fasta/fungi_ascomycota2_collection/cladophialophora_immunda/cds/
cladophialophora_psammophila_cbs_110553,ftp://ftp.ensemblgenomes.org/pub/release-36/fungi/fasta/fungi_ascomycota1_collection/cladophialophora_psammophila_cbs_110553/cds/
cladophialophora_yegresii_cbs_114405,ftp://ftp.ensemblgenomes.org/pub/release-36/fungi/fasta/fungi_ascomycota1_collection/cladophialophora_yegresii_cbs_114405/cds/
claviceps_purpurea_20_1,ftp://ftp.ensemblgenomes.org/pub/release-36/fungi/fasta/fungi_ascomycota1_collection/claviceps_purpurea_20_1/cds/
clavispora_lusitaniae_atcc_42720,ftp://ftp.ensemblgenomes.org/pub/release-36/fungi/fasta/fungi_ascomycota1_collection/clavispora_lusitaniae_atcc_42720/cds/
coccidioides_immitis_rs,ftp://ftp.ensemblgenomes.org/pub/release-36/fungi/fasta/fungi_ascomycota1_collection/coccidioides_immitis_rs/cds/
coccidioides_posadasii_str_silveira,ftp://ftp.ensemblgenomes.org/pub/release-36/fungi/fasta/fungi_ascomycota1_collection/coccidioides_posadasii_str_silveira/cds/
colletotrichum_fioriniae_pj7,ftp://ftp.ensemblgenomes.org/pub/release-36/fungi/fasta/fungi_ascomycota1_collection/colletotrichum_fioriniae_pj7/cds/
colletotrichum_gloeosporioides,ftp://ftp.ensemblgenomes.org/pub/release-36/fungi/fasta/colletotrichum_gloeosporioides/cds/
colletotrichum_graminicola,ftp://ftp.ensemblgenomes.org/pub/release-36/fungi/fasta/colletotrichum_graminicola/cds/
colletotrichum_higginsianum,ftp://ftp.ensemblgenomes.org/pub/release-36/fungi/fasta/colletotrichum_higginsianum/cds/
colletotrichum_incanum,ftp://ftp.ensemblgenomes.org/pub/release-36/fungi/fasta/fungi_ascomycota3_collection/colletotrichum_incanum/cds/
colletotrichum_nymphaeae_sa_01,ftp://ftp.ensemblgenomes.org/pub/release-36/fungi/fasta/fungi_ascomycota3_collection/colletotrichum_nymphaeae_sa_01/cds/
colletotrichum_orbiculare,ftp://ftp.ensemblgenomes.org/pub/release-36/fungi/fasta/colletotrichum_orbiculare/cds/
colletotrichum_salicis,ftp://ftp.ensemblgenomes.org/pub/release-36/fungi/fasta/fungi_ascomycota3_collection/colletotrichum_salicis/cds/
colletotrichum_simmondsii,ftp://ftp.ensemblgenomes.org/pub/release-36/fungi/fasta/fungi_ascomycota3_collection/colletotrichum_simmondsii/cds/
colletotrichum_sublineola,ftp://ftp.ensemblgenomes.org/pub/release-36/fungi/fasta/fungi_ascomycota1_collection/colletotrichum_sublineola/cds/
colletotrichum_tofieldiae,ftp://ftp.ensemblgenomes.org/pub/release-36/fungi/fasta/fungi_ascomycota3_collection/colletotrichum_tofieldiae/cds/
conidiobolus_coronatus_nrrl_28638,ftp://ftp.ensemblgenomes.org/pub/release-36/fungi/fasta/fungi_entomophthoromycota1_collection/conidiobolus_coronatus_nrrl_28638/cds/
coniophora_puteana_rwd_64_598_ss2,ftp://ftp.ensemblgenomes.org/pub/release-36/fungi/fasta/fungi_basidiomycota1_collection/coniophora_puteana_rwd_64_598_ss2/cds/
coniosporium_apollinis_cbs_100218,ftp://ftp.ensemblgenomes.org/pub/release-36/fungi/fasta/fungi_ascomycota1_collection/coniosporium_apollinis_cbs_100218/cds/
coprinopsis_cinerea_okayama7_130,ftp://ftp.ensemblgenomes.org/pub/release-36/fungi/fasta/fungi_basidiomycota1_collection/coprinopsis_cinerea_okayama7_130/cds/
cordyceps_brongniartii_rcef_3172,ftp://ftp.ensemblgenomes.org/pub/release-36/fungi/fasta/fungi_ascomycota3_collection/cordyceps_brongniartii_rcef_3172/cds/
cordyceps_confragosa_rcef_1005,ftp://ftp.ensemblgenomes.org/pub/release-36/fungi/fasta/fungi_ascomycota3_collection/cordyceps_confragosa_rcef_1005/cds/
cordyceps_militaris_cm01,ftp://ftp.ensemblgenomes.org/pub/release-36/fungi/fasta/fungi_ascomycota1_collection/cordyceps_militaris_cm01/cds/
cryptococcus_amylolentus_cbs_6039,ftp://ftp.ensemblgenomes.org/pub/release-36/fungi/fasta/fungi_basidiomycota1_collection/cryptococcus_amylolentus_cbs_6039/cds/
cryptococcus_depauperatus_cbs_7855,ftp://ftp.ensemblgenomes.org/pub/release-36/fungi/fasta/fungi_basidiomycota1_collection/cryptococcus_depauperatus_cbs_7855/cds/
cryptococcus_gattii_ca1873,ftp://ftp.ensemblgenomes.org/pub/release-36/fungi/fasta/fungi_basidiomycota1_collection/cryptococcus_gattii_ca1873/cds/
cryptococcus_gattii_vgii_mmrl2647,ftp://ftp.ensemblgenomes.org/pub/release-36/fungi/fasta/fungi_basidiomycota1_collection/cryptococcus_gattii_vgii_mmrl2647/cds/
cryptococcus_gattii_vgiv_ind107,ftp://ftp.ensemblgenomes.org/pub/release-36/fungi/fasta/fungi_basidiomycota1_collection/cryptococcus_gattii_vgiv_ind107/cds/
cryptococcus_gattii_wm276,ftp://ftp.ensemblgenomes.org/pub/release-36/fungi/fasta/fungi_basidiomycota1_collection/cryptococcus_gattii_wm276/cds/
cryptococcus_neoformans,ftp://ftp.ensemblgenomes.org/pub/release-36/fungi/fasta/cryptococcus_neoformans/cds/
cutaneotrichosporon_oleaginosus,ftp://ftp.ensemblgenomes.org/pub/release-36/fungi/fasta/fungi_basidiomycota1_collection/cutaneotrichosporon_oleaginosus/cds/
cyberlindnera_jadinii,ftp://ftp.ensemblgenomes.org/pub/release-36/fungi/fasta/fungi_ascomycota3_collection/cyberlindnera_jadinii/cds/
cylindrobasidium_torrendii_fp15055_ss_10,ftp://ftp.ensemblgenomes.org/pub/release-36/fungi/fasta/fungi_basidiomycota1_collection/cylindrobasidium_torrendii_fp15055_ss_10/cds/
cyphellophora_europaea_cbs_101466,ftp://ftp.ensemblgenomes.org/pub/release-36/fungi/fasta/fungi_ascomycota1_collection/cyphellophora_europaea_cbs_101466/cds/
dactylellina_haptotyla_cbs_200_50,ftp://ftp.ensemblgenomes.org/pub/release-36/fungi/fasta/fungi_ascomycota1_collection/dactylellina_haptotyla_cbs_200_50/cds/
daedalea_quercina_l_15889,ftp://ftp.ensemblgenomes.org/pub/release-36/fungi/fasta/fungi_basidiomycota1_collection/daedalea_quercina_l_15889/cds/
debaryomyces_fabryi,ftp://ftp.ensemblgenomes.org/pub/release-36/fungi/fasta/fungi_ascomycota3_collection/debaryomyces_fabryi/cds/
debaryomyces_hansenii_cbs767,ftp://ftp.ensemblgenomes.org/pub/release-36/fungi/fasta/fungi_ascomycota1_collection/debaryomyces_hansenii_cbs767/cds/
diaporthe_ampelina,ftp://ftp.ensemblgenomes.org/pub/release-36/fungi/fasta/fungi_ascomycota2_collection/diaporthe_ampelina/cds/
diaporthe_helianthi,ftp://ftp.ensemblgenomes.org/pub/release-36/fungi/fasta/fungi_ascomycota3_collection/diaporthe_helianthi/cds/
dichomitus_squalens_lyad_421_ss1,ftp://ftp.ensemblgenomes.org/pub/release-36/fungi/fasta/fungi_basidiomycota1_collection/dichomitus_squalens_lyad_421_ss1/cds/
diplodia_seriata,ftp://ftp.ensemblgenomes.org/pub/release-36/fungi/fasta/fungi_ascomycota2_collection/diplodia_seriata/cds/
dothistroma_septosporum,ftp://ftp.ensemblgenomes.org/pub/release-36/fungi/fasta/dothistroma_septosporum/cds/
drechmeria_coniospora,ftp://ftp.ensemblgenomes.org/pub/release-36/fungi/fasta/fungi_ascomycota3_collection/drechmeria_coniospora/cds/
drechslerella_stenobrocha_248,ftp://ftp.ensemblgenomes.org/pub/release-36/fungi/fasta/fungi_ascomycota1_collection/drechslerella_stenobrocha_248/cds/
edhazardia_aedis_usnm_41457,ftp://ftp.ensemblgenomes.org/pub/release-36/fungi/fasta/fungi_microsporidia1_collection/edhazardia_aedis_usnm_41457/cds/
emmonsia_crescens_uamh_3008,ftp://ftp.ensemblgenomes.org/pub/release-36/fungi/fasta/fungi_ascomycota2_collection/emmonsia_crescens_uamh_3008/cds/
emmonsia_parva_uamh_139,ftp://ftp.ensemblgenomes.org/pub/release-36/fungi/fasta/fungi_ascomycota2_collection/emmonsia_parva_uamh_139/cds/
emmonsia_sp_cac_2015a,ftp://ftp.ensemblgenomes.org/pub/release-36/fungi/fasta/fungi_ascomycota3_collection/emmonsia_sp_cac_2015a/cds/
encephalitozoon_cuniculi_gb_m1,ftp://ftp.ensemblgenomes.org/pub/release-36/fungi/fasta/fungi_microsporidia1_collection/encephalitozoon_cuniculi_gb_m1/cds/
encephalitozoon_hellem_atcc_50504,ftp://ftp.ensemblgenomes.org/pub/release-36/fungi/fasta/fungi_microsporidia1_collection/encephalitozoon_hellem_atcc_50504/cds/
encephalitozoon_intestinalis_atcc_50506,ftp://ftp.ensemblgenomes.org/pub/release-36/fungi/fasta/fungi_microsporidia1_collection/encephalitozoon_intestinalis_atcc_50506/cds/
encephalitozoon_romaleae_sj_2008,ftp://ftp.ensemblgenomes.org/pub/release-36/fungi/fasta/fungi_microsporidia1_collection/encephalitozoon_romaleae_sj_2008/cds/
endocarpon_pusillum_z07020,ftp://ftp.ensemblgenomes.org/pub/release-36/fungi/fasta/fungi_ascomycota1_collection/endocarpon_pusillum_z07020/cds/
enterocytozoon_bieneusi_h348,ftp://ftp.ensemblgenomes.org/pub/release-36/fungi/fasta/fungi_microsporidia1_collection/enterocytozoon_bieneusi_h348/cds/
eremothecium_cymbalariae_dbvpg_7215,ftp://ftp.ensemblgenomes.org/pub/release-36/fungi/fasta/fungi_ascomycota1_collection/eremothecium_cymbalariae_dbvpg_7215/cds/
eremothecium_sinecaudum,ftp://ftp.ensemblgenomes.org/pub/release-36/fungi/fasta/fungi_ascomycota3_collection/eremothecium_sinecaudum/cds/
erysiphe_necator,ftp://ftp.ensemblgenomes.org/pub/release-36/fungi/fasta/fungi_ascomycota2_collection/erysiphe_necator/cds/
escovopsis_weberi,ftp://ftp.ensemblgenomes.org/pub/release-36/fungi/fasta/fungi_ascomycota3_collection/escovopsis_weberi/cds/
eutypa_lata_ucrel1,ftp://ftp.ensemblgenomes.org/pub/release-36/fungi/fasta/fungi_ascomycota1_collection/eutypa_lata_ucrel1/cds/
exidia_glandulosa_hhb12029,ftp://ftp.ensemblgenomes.org/pub/release-36/fungi/fasta/fungi_basidiomycota1_collection/exidia_glandulosa_hhb12029/cds/
exophiala_aquamarina_cbs_119918,ftp://ftp.ensemblgenomes.org/pub/release-36/fungi/fasta/fungi_ascomycota1_collection/exophiala_aquamarina_cbs_119918/cds/
exophiala_dermatitidis_nih_ut8656,ftp://ftp.ensemblgenomes.org/pub/release-36/fungi/fasta/fungi_ascomycota1_collection/exophiala_dermatitidis_nih_ut8656/cds/
exophiala_mesophila,ftp://ftp.ensemblgenomes.org/pub/release-36/fungi/fasta/fungi_ascomycota2_collection/exophiala_mesophila/cds/
exophiala_oligosperma,ftp://ftp.ensemblgenomes.org/pub/release-36/fungi/fasta/fungi_ascomycota2_collection/exophiala_oligosperma/cds/
exophiala_sideris,ftp://ftp.ensemblgenomes.org/pub/release-36/fungi/fasta/fungi_ascomycota2_collection/exophiala_sideris/cds/
exophiala_spinifera,ftp://ftp.ensemblgenomes.org/pub/release-36/fungi/fasta/fungi_ascomycota2_collection/exophiala_spinifera/cds/
exophiala_xenobiotica,ftp://ftp.ensemblgenomes.org/pub/release-36/fungi/fasta/fungi_ascomycota2_collection/exophiala_xenobiotica/cds/
fibroporia_radiculosa,ftp://ftp.ensemblgenomes.org/pub/release-36/fungi/fasta/fungi_basidiomycota1_collection/fibroporia_radiculosa/cds/
fibulorhizoctonia_sp_cbs_109695,ftp://ftp.ensemblgenomes.org/pub/release-36/fungi/fasta/fungi_basidiomycota1_collection/fibulorhizoctonia_sp_cbs_109695/cds/
fistulina_hepatica_atcc_64428,ftp://ftp.ensemblgenomes.org/pub/release-36/fungi/fasta/fungi_basidiomycota1_collection/fistulina_hepatica_atcc_64428/cds/
fomitiporia_mediterranea_mf3_22,ftp://ftp.ensemblgenomes.org/pub/release-36/fungi/fasta/fungi_basidiomycota1_collection/fomitiporia_mediterranea_mf3_22/cds/
fomitopsis_pinicola_fp_58527_ss1,ftp://ftp.ensemblgenomes.org/pub/release-36/fungi/fasta/fungi_basidiomycota1_collection/fomitopsis_pinicola_fp_58527_ss1/cds/
fonsecaea_erecta,ftp://ftp.ensemblgenomes.org/pub/release-36/fungi/fasta/fungi_ascomycota3_collection/fonsecaea_erecta/cds/
fonsecaea_monophora,ftp://ftp.ensemblgenomes.org/pub/release-36/fungi/fasta/fungi_ascomycota3_collection/fonsecaea_monophora/cds/
fonsecaea_multimorphosa_cbs_102226,ftp://ftp.ensemblgenomes.org/pub/release-36/fungi/fasta/fungi_ascomycota2_collection/fonsecaea_multimorphosa_cbs_102226/cds/
fonsecaea_nubica,ftp://ftp.ensemblgenomes.org/pub/release-36/fungi/fasta/fungi_ascomycota3_collection/fonsecaea_nubica/cds/
fonsecaea_pedrosoi_cbs_271_37,ftp://ftp.ensemblgenomes.org/pub/release-36/fungi/fasta/fungi_ascomycota2_collection/fonsecaea_pedrosoi_cbs_271_37/cds/
fusarium_culmorum,ftp://ftp.ensemblgenomes.org/pub/release-36/fungi/fasta/fusarium_culmorum/cds/
fusarium_fujikuroi,ftp://ftp.ensemblgenomes.org/pub/release-36/fungi/fasta/fusarium_fujikuroi/cds/
fusarium_graminearum,ftp://ftp.ensemblgenomes.org/pub/release-36/fungi/fasta/fusarium_graminearum/cds/
fusarium_langsethiae,ftp://ftp.ensemblgenomes.org/pub/release-36/fungi/fasta/fungi_ascomycota3_collection/fusarium_langsethiae/cds/
fusarium_oxysporum,ftp://ftp.ensemblgenomes.org/pub/release-36/fungi/fasta/fusarium_oxysporum/cds/
fusarium_poae,ftp://ftp.ensemblgenomes.org/pub/release-36/fungi/fasta/fungi_ascomycota3_collection/fusarium_poae/cds/
fusarium_pseudograminearum,ftp://ftp.ensemblgenomes.org/pub/release-36/fungi/fasta/fusarium_pseudograminearum/cds/
fusarium_solani,ftp://ftp.ensemblgenomes.org/pub/release-36/fungi/fasta/fusarium_solani/cds/
fusarium_verticillioides,ftp://ftp.ensemblgenomes.org/pub/release-36/fungi/fasta/fusarium_verticillioides/cds/
gaeumannomyces_graminis,ftp://ftp.ensemblgenomes.org/pub/release-36/fungi/fasta/gaeumannomyces_graminis/cds/
galerina_marginata_cbs_339_88,ftp://ftp.ensemblgenomes.org/pub/release-36/fungi/fasta/fungi_basidiomycota1_collection/galerina_marginata_cbs_339_88/cds/
gelatoporia_subvermispora_b,ftp://ftp.ensemblgenomes.org/pub/release-36/fungi/fasta/fungi_basidiomycota1_collection/gelatoporia_subvermispora_b/cds/
geotrichum_candidum,ftp://ftp.ensemblgenomes.org/pub/release-36/fungi/fasta/fungi_ascomycota3_collection/geotrichum_candidum/cds/
glarea_lozoyensis_74030,ftp://ftp.ensemblgenomes.org/pub/release-36/fungi/fasta/fungi_ascomycota1_collection/glarea_lozoyensis_74030/cds/
gloeophyllum_trabeum_atcc_11539,ftp://ftp.ensemblgenomes.org/pub/release-36/fungi/fasta/fungi_basidiomycota1_collection/gloeophyllum_trabeum_atcc_11539/cds/
gonapodya_prolifera_jel478,ftp://ftp.ensemblgenomes.org/pub/release-36/fungi/fasta/fungi_chytridiomycota1_collection/gonapodya_prolifera_jel478/cds/
grifola_frondosa,ftp://ftp.ensemblgenomes.org/pub/release-36/fungi/fasta/fungi_basidiomycota1_collection/grifola_frondosa/cds/
grosmannia_clavigera_kw1407,ftp://ftp.ensemblgenomes.org/pub/release-36/fungi/fasta/fungi_ascomycota1_collection/grosmannia_clavigera_kw1407/cds/
gymnopus_luxurians_fd_317_m1,ftp://ftp.ensemblgenomes.org/pub/release-36/fungi/fasta/fungi_basidiomycota1_collection/gymnopus_luxurians_fd_317_m1/cds/
hanseniaspora_opuntiae,ftp://ftp.ensemblgenomes.org/pub/release-36/fungi/fasta/fungi_ascomycota3_collection/hanseniaspora_opuntiae/cds/
hanseniaspora_osmophila,ftp://ftp.ensemblgenomes.org/pub/release-36/fungi/fasta/fungi_ascomycota3_collection/hanseniaspora_osmophila/cds/
hanseniaspora_uvarum_dsm_2768,ftp://ftp.ensemblgenomes.org/pub/release-36/fungi/fasta/fungi_ascomycota2_collection/hanseniaspora_uvarum_dsm_2768/cds/
hanseniaspora_valbyensis_nrrl_y_1626,ftp://ftp.ensemblgenomes.org/pub/release-36/fungi/fasta/fungi_ascomycota3_collection/hanseniaspora_valbyensis_nrrl_y_1626/cds/
hebeloma_cylindrosporum_h7,ftp://ftp.ensemblgenomes.org/pub/release-36/fungi/fasta/fungi_basidiomycota1_collection/hebeloma_cylindrosporum_h7/cds/
heterobasidion_irregulare_tc_32_1,ftp://ftp.ensemblgenomes.org/pub/release-36/fungi/fasta/fungi_basidiomycota1_collection/heterobasidion_irregulare_tc_32_1/cds/
hirsutella_minnesotensis_3608,ftp://ftp.ensemblgenomes.org/pub/release-36/fungi/fasta/fungi_ascomycota2_collection/hirsutella_minnesotensis_3608/cds/
histoplasma_capsulatum_nam1,ftp://ftp.ensemblgenomes.org/pub/release-36/fungi/fasta/fungi_ascomycota1_collection/histoplasma_capsulatum_nam1/cds/
hydnomerulius_pinastri_md_312,ftp://ftp.ensemblgenomes.org/pub/release-36/fungi/fasta/fungi_basidiomycota1_collection/hydnomerulius_pinastri_md_312/cds/
hypholoma_sublateritium_fd_334_ss_4,ftp://ftp.ensemblgenomes.org/pub/release-36/fungi/fasta/fungi_basidiomycota1_collection/hypholoma_sublateritium_fd_334_ss_4/cds/
hyphopichia_burtonii_nrrl_y_1933,ftp://ftp.ensemblgenomes.org/pub/release-36/fungi/fasta/fungi_ascomycota3_collection/hyphopichia_burtonii_nrrl_y_1933/cds/
hypsizygus_marmoreus,ftp://ftp.ensemblgenomes.org/pub/release-36/fungi/fasta/fungi_basidiomycota1_collection/hypsizygus_marmoreus/cds/
isaria_fumosorosea_arsef_2679,ftp://ftp.ensemblgenomes.org/pub/release-36/fungi/fasta/fungi_ascomycota3_collection/isaria_fumosorosea_arsef_2679/cds/
jaapia_argillacea_mucl_33604,ftp://ftp.ensemblgenomes.org/pub/release-36/fungi/fasta/fungi_basidiomycota1_collection/jaapia_argillacea_mucl_33604/cds/
kalmanozyma_brasiliensis_ghg001,ftp://ftp.ensemblgenomes.org/pub/release-36/fungi/fasta/fungi_basidiomycota1_collection/kalmanozyma_brasiliensis_ghg001/cds/
kazachstania_africana_cbs_2517,ftp://ftp.ensemblgenomes.org/pub/release-36/fungi/fasta/fungi_ascomycota1_collection/kazachstania_africana_cbs_2517/cds/
kazachstania_naganishii_cbs_8797,ftp://ftp.ensemblgenomes.org/pub/release-36/fungi/fasta/fungi_ascomycota1_collection/kazachstania_naganishii_cbs_8797/cds/
kluyveromyces_lactis,ftp://ftp.ensemblgenomes.org/pub/release-36/fungi/fasta/fungi_ascomycota1_collection/kluyveromyces_lactis/cds/
kluyveromyces_marxianus_dmku3_1042,ftp://ftp.ensemblgenomes.org/pub/release-36/fungi/fasta/fungi_ascomycota3_collection/kluyveromyces_marxianus_dmku3_1042/cds/
komagataella_pastoris,ftp://ftp.ensemblgenomes.org/pub/release-36/fungi/fasta/komagataella_pastoris/cds/
komagataella_phaffii_cbs_7435,ftp://ftp.ensemblgenomes.org/pub/release-36/fungi/fasta/fungi_ascomycota1_collection/komagataella_phaffii_cbs_7435/cds/
kuraishia_capsulata_cbs_1993,ftp://ftp.ensemblgenomes.org/pub/release-36/fungi/fasta/fungi_ascomycota1_collection/kuraishia_capsulata_cbs_1993/cds/
kwoniella_bestiolae_cbs_10118,ftp://ftp.ensemblgenomes.org/pub/release-36/fungi/fasta/fungi_basidiomycota1_collection/kwoniella_bestiolae_cbs_10118/cds/
kwoniella_dejecticola_cbs_10117,ftp://ftp.ensemblgenomes.org/pub/release-36/fungi/fasta/fungi_basidiomycota1_collection/kwoniella_dejecticola_cbs_10117/cds/
kwoniella_heveanensis_cbs_569,ftp://ftp.ensemblgenomes.org/pub/release-36/fungi/fasta/fungi_basidiomycota1_collection/kwoniella_heveanensis_cbs_569/cds/
kwoniella_mangroviensis_cbs_8886,ftp://ftp.ensemblgenomes.org/pub/release-36/fungi/fasta/fungi_basidiomycota1_collection/kwoniella_mangroviensis_cbs_8886/cds/
kwoniella_pini_cbs_10737,ftp://ftp.ensemblgenomes.org/pub/release-36/fungi/fasta/fungi_basidiomycota1_collection/kwoniella_pini_cbs_10737/cds/
laccaria_amethystina_laam_08_1,ftp://ftp.ensemblgenomes.org/pub/release-36/fungi/fasta/fungi_basidiomycota1_collection/laccaria_amethystina_laam_08_1/cds/
laccaria_bicolor_s238n_h82,ftp://ftp.ensemblgenomes.org/pub/release-36/fungi/fasta/fungi_basidiomycota1_collection/laccaria_bicolor_s238n_h82/cds/
lachancea_lanzarotensis,ftp://ftp.ensemblgenomes.org/pub/release-36/fungi/fasta/fungi_ascomycota2_collection/lachancea_lanzarotensis/cds/
lachancea_thermotolerans_cbs_6340,ftp://ftp.ensemblgenomes.org/pub/release-36/fungi/fasta/fungi_ascomycota1_collection/lachancea_thermotolerans_cbs_6340/cds/
laetiporus_sulphureus_93_53,ftp://ftp.ensemblgenomes.org/pub/release-36/fungi/fasta/fungi_basidiomycota1_collection/laetiporus_sulphureus_93_53/cds/
leptosphaeria_maculans,ftp://ftp.ensemblgenomes.org/pub/release-36/fungi/fasta/leptosphaeria_maculans/cds/
leucoagaricus_sp_symc_cos,ftp://ftp.ensemblgenomes.org/pub/release-36/fungi/fasta/fungi_basidiomycota1_collection/leucoagaricus_sp_symc_cos/cds/
lichtheimia_corymbifera_jmrc_fsu_9682,ftp://ftp.ensemblgenomes.org/pub/release-36/fungi/fasta/fungi_fungiincertaesedis1_collection/lichtheimia_corymbifera_jmrc_fsu_9682/cds/
lichtheimia_ramosa,ftp://ftp.ensemblgenomes.org/pub/release-36/fungi/fasta/fungi_fungiincertaesedis1_collection/lichtheimia_ramosa/cds/
lipomyces_starkeyi_nrrl_y_11557,ftp://ftp.ensemblgenomes.org/pub/release-36/fungi/fasta/fungi_ascomycota3_collection/lipomyces_starkeyi_nrrl_y_11557/cds/
lodderomyces_elongisporus_nrrl_yb_4239,ftp://ftp.ensemblgenomes.org/pub/release-36/fungi/fasta/fungi_ascomycota1_collection/lodderomyces_elongisporus_nrrl_yb_4239/cds/
macrophomina_phaseolina_ms6,ftp://ftp.ensemblgenomes.org/pub/release-36/fungi/fasta/fungi_ascomycota1_collection/macrophomina_phaseolina_ms6/cds/
madurella_mycetomatis,ftp://ftp.ensemblgenomes.org/pub/release-36/fungi/fasta/fungi_ascomycota3_collection/madurella_mycetomatis/cds/
magnaporthe_oryzae,ftp://ftp.ensemblgenomes.org/pub/release-36/fungi/fasta/magnaporthe_oryzae/cds/
magnaporthe_poae,ftp://ftp.ensemblgenomes.org/pub/release-36/fungi/fasta/magnaporthe_poae/cds/
malassezia_pachydermatis,ftp://ftp.ensemblgenomes.org/pub/release-36/fungi/fasta/fungi_basidiomycota1_collection/malassezia_pachydermatis/cds/
malassezia_sympodialis_atcc_42132,ftp://ftp.ensemblgenomes.org/pub/release-36/fungi/fasta/fungi_basidiomycota1_collection/malassezia_sympodialis_atcc_42132/cds/
marssonina_brunnea_f_sp_multigermtubi_mb_m1,ftp://ftp.ensemblgenomes.org/pub/release-36/fungi/fasta/fungi_ascomycota1_collection/marssonina_brunnea_f_sp_multigermtubi_mb_m1/cds/
melampsora_laricipopulina,ftp://ftp.ensemblgenomes.org/pub/release-36/fungi/fasta/melampsora_laricipopulina/cds/
metarhizium_acridum_cqma_102,ftp://ftp.ensemblgenomes.org/pub/release-36/fungi/fasta/fungi_ascomycota1_collection/metarhizium_acridum_cqma_102/cds/
metarhizium_album_arsef_1941,ftp://ftp.ensemblgenomes.org/pub/release-36/fungi/fasta/fungi_ascomycota2_collection/metarhizium_album_arsef_1941/cds/
metarhizium_anisopliae,ftp://ftp.ensemblgenomes.org/pub/release-36/fungi/fasta/fungi_ascomycota1_collection/metarhizium_anisopliae/cds/
metarhizium_anisopliae_arsef_23,ftp://ftp.ensemblgenomes.org/pub/release-36/fungi/fasta/fungi_ascomycota1_collection/metarhizium_anisopliae_arsef_23/cds/
metarhizium_brunneum_arsef_3297,ftp://ftp.ensemblgenomes.org/pub/release-36/fungi/fasta/fungi_ascomycota2_collection/metarhizium_brunneum_arsef_3297/cds/
metarhizium_guizhouense_arsef_977,ftp://ftp.ensemblgenomes.org/pub/release-36/fungi/fasta/fungi_ascomycota2_collection/metarhizium_guizhouense_arsef_977/cds/
metarhizium_majus_arsef_297,ftp://ftp.ensemblgenomes.org/pub/release-36/fungi/fasta/fungi_ascomycota2_collection/metarhizium_majus_arsef_297/cds/
metarhizium_rileyi_rcef_4871,ftp://ftp.ensemblgenomes.org/pub/release-36/fungi/fasta/fungi_ascomycota3_collection/metarhizium_rileyi_rcef_4871/cds/
metschnikowia_bicuspidata_var_bicuspidata_nrrl_yb_4993,ftp://ftp.ensemblgenomes.org/pub/release-36/fungi/fasta/fungi_ascomycota3_collection/metschnikowia_bicuspidata_var_bicuspidata_nrrl_yb_4993/cds/
meyerozyma_guilliermondii_atcc_6260,ftp://ftp.ensemblgenomes.org/pub/release-36/fungi/fasta/fungi_ascomycota1_collection/meyerozyma_guilliermondii_atcc_6260/cds/
microbotryum_violaceum,ftp://ftp.ensemblgenomes.org/pub/release-36/fungi/fasta/microbotryum_violaceum/cds/
microdochium_bolleyi,ftp://ftp.ensemblgenomes.org/pub/release-36/fungi/fasta/fungi_ascomycota3_collection/microdochium_bolleyi/cds/
microsporum_gypseum_cbs_118893,ftp://ftp.ensemblgenomes.org/pub/release-36/fungi/fasta/fungi_ascomycota1_collection/microsporum_gypseum_cbs_118893/cds/
millerozyma_farinosa_cbs_7064,ftp://ftp.ensemblgenomes.org/pub/release-36/fungi/fasta/fungi_ascomycota1_collection/millerozyma_farinosa_cbs_7064/cds/
mitosporidium_daphniae,ftp://ftp.ensemblgenomes.org/pub/release-36/fungi/fasta/fungi_microsporidia1_collection/mitosporidium_daphniae/cds/
mixia_osmundae_iam_14324,ftp://ftp.ensemblgenomes.org/pub/release-36/fungi/fasta/fungi_basidiomycota1_collection/mixia_osmundae_iam_14324/cds/
moesziomyces_antarcticus,ftp://ftp.ensemblgenomes.org/pub/release-36/fungi/fasta/fungi_basidiomycota1_collection/moesziomyces_antarcticus/cds/
moesziomyces_aphidis_dsm_70725,ftp://ftp.ensemblgenomes.org/pub/release-36/fungi/fasta/fungi_basidiomycota1_collection/moesziomyces_aphidis_dsm_70725/cds/
moniliophthora_perniciosa_fa553,ftp://ftp.ensemblgenomes.org/pub/release-36/fungi/fasta/fungi_basidiomycota1_collection/moniliophthora_perniciosa_fa553/cds/
moniliophthora_roreri_mca_2997,ftp://ftp.ensemblgenomes.org/pub/release-36/fungi/fasta/fungi_basidiomycota1_collection/moniliophthora_roreri_mca_2997/cds/
mortierella_elongata_ag_77,ftp://ftp.ensemblgenomes.org/pub/release-36/fungi/fasta/fungi_fungiincertaesedis1_collection/mortierella_elongata_ag_77/cds/
mortierella_verticillata_nrrl_6337,ftp://ftp.ensemblgenomes.org/pub/release-36/fungi/fasta/fungi_fungiincertaesedis1_collection/mortierella_verticillata_nrrl_6337/cds/
mucor_ambiguus,ftp://ftp.ensemblgenomes.org/pub/release-36/fungi/fasta/fungi_fungiincertaesedis1_collection/mucor_ambiguus/cds/
mucor_circinelloides_f_circinelloides_1006phl,ftp://ftp.ensemblgenomes.org/pub/release-36/fungi/fasta/fungi_fungiincertaesedis1_collection/mucor_circinelloides_f_circinelloides_1006phl/cds/
myceliophthora_thermophila_atcc_42464,ftp://ftp.ensemblgenomes.org/pub/release-36/fungi/fasta/fungi_ascomycota1_collection/myceliophthora_thermophila_atcc_42464/cds/
mycosphaerella_eumusae,ftp://ftp.ensemblgenomes.org/pub/release-36/fungi/fasta/fungi_ascomycota3_collection/mycosphaerella_eumusae/cds/
nadsonia_fulvescens_var_elongata_dsm_6958,ftp://ftp.ensemblgenomes.org/pub/release-36/fungi/fasta/fungi_ascomycota3_collection/nadsonia_fulvescens_var_elongata_dsm_6958/cds/
naumovozyma_castellii_cbs_4309,ftp://ftp.ensemblgenomes.org/pub/release-36/fungi/fasta/fungi_ascomycota1_collection/naumovozyma_castellii_cbs_4309/cds/
naumovozyma_dairenensis_cbs_421,ftp://ftp.ensemblgenomes.org/pub/release-36/fungi/fasta/fungi_ascomycota1_collection/naumovozyma_dairenensis_cbs_421/cds/
nematocida_parisii_ertm3,ftp://ftp.ensemblgenomes.org/pub/release-36/fungi/fasta/fungi_microsporidia1_collection/nematocida_parisii_ertm3/cds/
nematocida_sp_1_ertm2,ftp://ftp.ensemblgenomes.org/pub/release-36/fungi/fasta/fungi_microsporidia1_collection/nematocida_sp_1_ertm2/cds/
neofusicoccum_parvum_ucrnp2,ftp://ftp.ensemblgenomes.org/pub/release-36/fungi/fasta/fungi_ascomycota1_collection/neofusicoccum_parvum_ucrnp2/cds/
neolentinus_lepideus_hhb14362_ss_1,ftp://ftp.ensemblgenomes.org/pub/release-36/fungi/fasta/fungi_basidiomycota1_collection/neolentinus_lepideus_hhb14362_ss_1/cds/
neonectria_ditissima,ftp://ftp.ensemblgenomes.org/pub/release-36/fungi/fasta/fungi_ascomycota3_collection/neonectria_ditissima/cds/
neosartorya_fischeri,ftp://ftp.ensemblgenomes.org/pub/release-36/fungi/fasta/neosartorya_fischeri/cds/
neurospora_crassa,ftp://ftp.ensemblgenomes.org/pub/release-36/fungi/fasta/neurospora_crassa/cds/
neurospora_tetrasperma_fgsc_2509,ftp://ftp.ensemblgenomes.org/pub/release-36/fungi/fasta/fungi_ascomycota1_collection/neurospora_tetrasperma_fgsc_2509/cds/
nosema_apis_brl_01,ftp://ftp.ensemblgenomes.org/pub/release-36/fungi/fasta/fungi_microsporidia1_collection/nosema_apis_brl_01/cds/
nosema_bombycis_cq1,ftp://ftp.ensemblgenomes.org/pub/release-36/fungi/fasta/fungi_microsporidia1_collection/nosema_bombycis_cq1/cds/
nosema_ceranae_brl01,ftp://ftp.ensemblgenomes.org/pub/release-36/fungi/fasta/fungi_microsporidia1_collection/nosema_ceranae_brl01/cds/
ogataea_parapolymorpha_dl_1,ftp://ftp.ensemblgenomes.org/pub/release-36/fungi/fasta/fungi_ascomycota1_collection/ogataea_parapolymorpha_dl_1/cds/
ogataea_polymorpha,ftp://ftp.ensemblgenomes.org/pub/release-36/fungi/fasta/fungi_ascomycota3_collection/ogataea_polymorpha/cds/
oidiodendron_maius_zn,ftp://ftp.ensemblgenomes.org/pub/release-36/fungi/fasta/fungi_ascomycota2_collection/oidiodendron_maius_zn/cds/
ophiocordyceps_sinensis_co18,ftp://ftp.ensemblgenomes.org/pub/release-36/fungi/fasta/fungi_ascomycota1_collection/ophiocordyceps_sinensis_co18/cds/
ophiocordyceps_unilateralis,ftp://ftp.ensemblgenomes.org/pub/release-36/fungi/fasta/fungi_ascomycota3_collection/ophiocordyceps_unilateralis/cds/
ophiostoma_piceae_uamh_11346,ftp://ftp.ensemblgenomes.org/pub/release-36/fungi/fasta/fungi_ascomycota1_collection/ophiostoma_piceae_uamh_11346/cds/
ordospora_colligata_oc4,ftp://ftp.ensemblgenomes.org/pub/release-36/fungi/fasta/fungi_microsporidia1_collection/ordospora_colligata_oc4/cds/
pachysolen_tannophilus_nrrl_y_2460,ftp://ftp.ensemblgenomes.org/pub/release-36/fungi/fasta/fungi_ascomycota3_collection/pachysolen_tannophilus_nrrl_y_2460/cds/
paracoccidioides_brasiliensis_pb18,ftp://ftp.ensemblgenomes.org/pub/release-36/fungi/fasta/fungi_ascomycota1_collection/paracoccidioides_brasiliensis_pb18/cds/
paracoccidioides_sp_lutzii_pb01,ftp://ftp.ensemblgenomes.org/pub/release-36/fungi/fasta/fungi_ascomycota1_collection/paracoccidioides_sp_lutzii_pb01/cds/
paraphaeosphaeria_sporulosa,ftp://ftp.ensemblgenomes.org/pub/release-36/fungi/fasta/fungi_ascomycota3_collection/paraphaeosphaeria_sporulosa/cds/
parasitella_parasitica,ftp://ftp.ensemblgenomes.org/pub/release-36/fungi/fasta/fungi_fungiincertaesedis1_collection/parasitella_parasitica/cds/
paxillus_involutus_atcc_200175,ftp://ftp.ensemblgenomes.org/pub/release-36/fungi/fasta/fungi_basidiomycota1_collection/paxillus_involutus_atcc_200175/cds/
paxillus_rubicundulus_ve08_2h10,ftp://ftp.ensemblgenomes.org/pub/release-36/fungi/fasta/fungi_basidiomycota1_collection/paxillus_rubicundulus_ve08_2h10/cds/
penicillium_brasilianum,ftp://ftp.ensemblgenomes.org/pub/release-36/fungi/fasta/fungi_ascomycota2_collection/penicillium_brasilianum/cds/
penicillium_camemberti_fm_013,ftp://ftp.ensemblgenomes.org/pub/release-36/fungi/fasta/fungi_ascomycota2_collection/penicillium_camemberti_fm_013/cds/
penicillium_chrysogenum,ftp://ftp.ensemblgenomes.org/pub/release-36/fungi/fasta/fungi_ascomycota3_collection/penicillium_chrysogenum/cds/
penicillium_digitatum_phi26,ftp://ftp.ensemblgenomes.org/pub/release-36/fungi/fasta/fungi_ascomycota1_collection/penicillium_digitatum_phi26/cds/
penicillium_expansum,ftp://ftp.ensemblgenomes.org/pub/release-36/fungi/fasta/fungi_ascomycota1_collection/penicillium_expansum/cds/
penicillium_freii,ftp://ftp.ensemblgenomes.org/pub/release-36/fungi/fasta/fungi_ascomycota3_collection/penicillium_freii/cds/
penicillium_griseofulvum,ftp://ftp.ensemblgenomes.org/pub/release-36/fungi/fasta/fungi_ascomycota3_collection/penicillium_griseofulvum/cds/
penicillium_italicum,ftp://ftp.ensemblgenomes.org/pub/release-36/fungi/fasta/fungi_ascomycota1_collection/penicillium_italicum/cds/
penicillium_nordicum,ftp://ftp.ensemblgenomes.org/pub/release-36/fungi/fasta/fungi_ascomycota3_collection/penicillium_nordicum/cds/
penicillium_oxalicum_114_2,ftp://ftp.ensemblgenomes.org/pub/release-36/fungi/fasta/fungi_ascomycota1_collection/penicillium_oxalicum_114_2/cds/
penicillium_roqueforti_fm164,ftp://ftp.ensemblgenomes.org/pub/release-36/fungi/fasta/fungi_ascomycota1_collection/penicillium_roqueforti_fm164/cds/
penicillium_rubens_wisconsin_54_1255,ftp://ftp.ensemblgenomes.org/pub/release-36/fungi/fasta/fungi_ascomycota1_collection/penicillium_rubens_wisconsin_54_1255/cds/
peniophora_sp_cont,ftp://ftp.ensemblgenomes.org/pub/release-36/fungi/fasta/fungi_basidiomycota1_collection/peniophora_sp_cont/cds/
pestalotiopsis_fici_w106_1,ftp://ftp.ensemblgenomes.org/pub/release-36/fungi/fasta/fungi_ascomycota1_collection/pestalotiopsis_fici_w106_1/cds/
phaeoacremonium_minimum_ucrpa7,ftp://ftp.ensemblgenomes.org/pub/release-36/fungi/fasta/fungi_ascomycota1_collection/phaeoacremonium_minimum_ucrpa7/cds/
phaeomoniella_chlamydospora,ftp://ftp.ensemblgenomes.org/pub/release-36/fungi/fasta/fungi_ascomycota3_collection/phaeomoniella_chlamydospora/cds/
phaeosphaeria_nodorum,ftp://ftp.ensemblgenomes.org/pub/release-36/fungi/fasta/phaeosphaeria_nodorum/cds/
phanerochaete_carnosa_hhb_10118_sp,ftp://ftp.ensemblgenomes.org/pub/release-36/fungi/fasta/fungi_basidiomycota1_collection/phanerochaete_carnosa_hhb_10118_sp/cds/
phialocephala_scopiformis,ftp://ftp.ensemblgenomes.org/pub/release-36/fungi/fasta/fungi_ascomycota3_collection/phialocephala_scopiformis/cds/
phialophora_attae,ftp://ftp.ensemblgenomes.org/pub/release-36/fungi/fasta/fungi_ascomycota3_collection/phialophora_attae/cds/
phlebiopsis_gigantea_11061_1_cr5_6,ftp://ftp.ensemblgenomes.org/pub/release-36/fungi/fasta/fungi_basidiomycota1_collection/phlebiopsis_gigantea_11061_1_cr5_6/cds/
phycomyces_blakesleeanus_nrrl_1555_,ftp://ftp.ensemblgenomes.org/pub/release-36/fungi/fasta/fungi_fungiincertaesedis1_collection/phycomyces_blakesleeanus_nrrl_1555_/cds/
pichia_kudriavzevii,ftp://ftp.ensemblgenomes.org/pub/release-36/fungi/fasta/fungi_ascomycota1_collection/pichia_kudriavzevii/cds/
pichia_membranifaciens_nrrl_y_2026,ftp://ftp.ensemblgenomes.org/pub/release-36/fungi/fasta/fungi_ascomycota3_collection/pichia_membranifaciens_nrrl_y_2026/cds/
piloderma_croceum_f_1598,ftp://ftp.ensemblgenomes.org/pub/release-36/fungi/fasta/fungi_basidiomycota1_collection/piloderma_croceum_f_1598/cds/
pisolithus_microcarpus_441,ftp://ftp.ensemblgenomes.org/pub/release-36/fungi/fasta/fungi_basidiomycota1_collection/pisolithus_microcarpus_441/cds/
pisolithus_tinctorius_marx_270,ftp://ftp.ensemblgenomes.org/pub/release-36/fungi/fasta/fungi_basidiomycota1_collection/pisolithus_tinctorius_marx_270/cds/
pleurotus_ostreatus_pc15,ftp://ftp.ensemblgenomes.org/pub/release-36/fungi/fasta/fungi_basidiomycota1_collection/pleurotus_ostreatus_pc15/cds/
plicaturopsis_crispa_fd_325_ss_3,ftp://ftp.ensemblgenomes.org/pub/release-36/fungi/fasta/fungi_basidiomycota1_collection/plicaturopsis_crispa_fd_325_ss_3/cds/
pneumocystis_carinii_b80,ftp://ftp.ensemblgenomes.org/pub/release-36/fungi/fasta/fungi_ascomycota3_collection/pneumocystis_carinii_b80/cds/
pneumocystis_jirovecii_ru7,ftp://ftp.ensemblgenomes.org/pub/release-36/fungi/fasta/fungi_ascomycota3_collection/pneumocystis_jirovecii_ru7/cds/
pneumocystis_murina_b123,ftp://ftp.ensemblgenomes.org/pub/release-36/fungi/fasta/fungi_ascomycota1_collection/pneumocystis_murina_b123/cds/
pochonia_chlamydosporia_170,ftp://ftp.ensemblgenomes.org/pub/release-36/fungi/fasta/fungi_ascomycota3_collection/pochonia_chlamydosporia_170/cds/
podospora_anserina_s_mat_,ftp://ftp.ensemblgenomes.org/pub/release-36/fungi/fasta/fungi_ascomycota1_collection/podospora_anserina_s_mat_/cds/
postia_placenta_mad_698_r,ftp://ftp.ensemblgenomes.org/pub/release-36/fungi/fasta/fungi_basidiomycota1_collection/postia_placenta_mad_698_r/cds/
pseudocercospora_musae,ftp://ftp.ensemblgenomes.org/pub/release-36/fungi/fasta/fungi_ascomycota3_collection/pseudocercospora_musae/cds/
pseudogymnoascus_destructans_20631_21,ftp://ftp.ensemblgenomes.org/pub/release-36/fungi/fasta/fungi_ascomycota1_collection/pseudogymnoascus_destructans_20631_21/cds/
pseudogymnoascus_sp_03vt05,ftp://ftp.ensemblgenomes.org/pub/release-36/fungi/fasta/fungi_ascomycota3_collection/pseudogymnoascus_sp_03vt05/cds/
pseudogymnoascus_sp_05ny08,ftp://ftp.ensemblgenomes.org/pub/release-36/fungi/fasta/fungi_ascomycota3_collection/pseudogymnoascus_sp_05ny08/cds/
pseudogymnoascus_sp_23342_1_i1,ftp://ftp.ensemblgenomes.org/pub/release-36/fungi/fasta/fungi_ascomycota3_collection/pseudogymnoascus_sp_23342_1_i1/cds/
pseudogymnoascus_sp_24mn13,ftp://ftp.ensemblgenomes.org/pub/release-36/fungi/fasta/fungi_ascomycota3_collection/pseudogymnoascus_sp_24mn13/cds/
pseudogymnoascus_sp_vkm_f_103,ftp://ftp.ensemblgenomes.org/pub/release-36/fungi/fasta/fungi_ascomycota2_collection/pseudogymnoascus_sp_vkm_f_103/cds/
pseudogymnoascus_sp_vkm_f_3557,ftp://ftp.ensemblgenomes.org/pub/release-36/fungi/fasta/fungi_ascomycota1_collection/pseudogymnoascus_sp_vkm_f_3557/cds/
pseudogymnoascus_sp_vkm_f_3775,ftp://ftp.ensemblgenomes.org/pub/release-36/fungi/fasta/fungi_ascomycota2_collection/pseudogymnoascus_sp_vkm_f_3775/cds/
pseudogymnoascus_sp_vkm_f_3808,ftp://ftp.ensemblgenomes.org/pub/release-36/fungi/fasta/fungi_ascomycota1_collection/pseudogymnoascus_sp_vkm_f_3808/cds/
pseudogymnoascus_sp_vkm_f_4246,ftp://ftp.ensemblgenomes.org/pub/release-36/fungi/fasta/fungi_ascomycota2_collection/pseudogymnoascus_sp_vkm_f_4246/cds/
pseudogymnoascus_sp_vkm_f_4281_fw_2241_,ftp://ftp.ensemblgenomes.org/pub/release-36/fungi/fasta/fungi_ascomycota2_collection/pseudogymnoascus_sp_vkm_f_4281_fw_2241_/cds/
pseudogymnoascus_sp_vkm_f_4513_fw_928_,ftp://ftp.ensemblgenomes.org/pub/release-36/fungi/fasta/fungi_ascomycota2_collection/pseudogymnoascus_sp_vkm_f_4513_fw_928_/cds/
pseudogymnoascus_sp_vkm_f_4514_fw_929_,ftp://ftp.ensemblgenomes.org/pub/release-36/fungi/fasta/fungi_ascomycota2_collection/pseudogymnoascus_sp_vkm_f_4514_fw_929_/cds/
pseudogymnoascus_sp_vkm_f_4515_fw_2607_,ftp://ftp.ensemblgenomes.org/pub/release-36/fungi/fasta/fungi_ascomycota2_collection/pseudogymnoascus_sp_vkm_f_4515_fw_2607_/cds/
pseudogymnoascus_sp_vkm_f_4516_fw_969_,ftp://ftp.ensemblgenomes.org/pub/release-36/fungi/fasta/fungi_ascomycota2_collection/pseudogymnoascus_sp_vkm_f_4516_fw_969_/cds/
pseudogymnoascus_sp_vkm_f_4517_fw_2822_,ftp://ftp.ensemblgenomes.org/pub/release-36/fungi/fasta/fungi_ascomycota2_collection/pseudogymnoascus_sp_vkm_f_4517_fw_2822_/cds/
pseudogymnoascus_sp_vkm_f_4518_fw_2643_,ftp://ftp.ensemblgenomes.org/pub/release-36/fungi/fasta/fungi_ascomycota2_collection/pseudogymnoascus_sp_vkm_f_4518_fw_2643_/cds/
pseudogymnoascus_sp_vkm_f_4519_fw_2642_,ftp://ftp.ensemblgenomes.org/pub/release-36/fungi/fasta/fungi_ascomycota2_collection/pseudogymnoascus_sp_vkm_f_4519_fw_2642_/cds/
pseudogymnoascus_sp_vkm_f_4520_fw_2644_,ftp://ftp.ensemblgenomes.org/pub/release-36/fungi/fasta/fungi_ascomycota2_collection/pseudogymnoascus_sp_vkm_f_4520_fw_2644_/cds/
pseudogymnoascus_sp_wsf_3629,ftp://ftp.ensemblgenomes.org/pub/release-36/fungi/fasta/fungi_ascomycota3_collection/pseudogymnoascus_sp_wsf_3629/cds/
pseudogymnoascus_verrucosus,ftp://ftp.ensemblgenomes.org/pub/release-36/fungi/fasta/fungi_ascomycota3_collection/pseudogymnoascus_verrucosus/cds/
pseudoloma_neurophilia,ftp://ftp.ensemblgenomes.org/pub/release-36/fungi/fasta/fungi_microsporidia1_collection/pseudoloma_neurophilia/cds/
pseudozyma_hubeiensis_sy62,ftp://ftp.ensemblgenomes.org/pub/release-36/fungi/fasta/fungi_basidiomycota1_collection/pseudozyma_hubeiensis_sy62/cds/
puccinia_graminis,ftp://ftp.ensemblgenomes.org/pub/release-36/fungi/fasta/puccinia_graminis/cds/
puccinia_sorghi,ftp://ftp.ensemblgenomes.org/pub/release-36/fungi/fasta/fungi_basidiomycota1_collection/puccinia_sorghi/cds/
puccinia_striiformis,ftp://ftp.ensemblgenomes.org/pub/release-36/fungi/fasta/puccinia_striiformis/cds/
puccinia_triticina,ftp://ftp.ensemblgenomes.org/pub/release-36/fungi/fasta/puccinia_triticina/cds/
punctularia_strigosozonata_hhb_11173_ss5,ftp://ftp.ensemblgenomes.org/pub/release-36/fungi/fasta/fungi_basidiomycota1_collection/punctularia_strigosozonata_hhb_11173_ss5/cds/
purpureocillium_lilacinum,ftp://ftp.ensemblgenomes.org/pub/release-36/fungi/fasta/fungi_ascomycota3_collection/purpureocillium_lilacinum/cds/
pyrenochaeta_sp_ds3say3a,ftp://ftp.ensemblgenomes.org/pub/release-36/fungi/fasta/fungi_ascomycota3_collection/pyrenochaeta_sp_ds3say3a/cds/
pyrenophora_teres,ftp://ftp.ensemblgenomes.org/pub/release-36/fungi/fasta/pyrenophora_teres/cds/
pyrenophora_triticirepentis,ftp://ftp.ensemblgenomes.org/pub/release-36/fungi/fasta/pyrenophora_triticirepentis/cds/
pyronema_omphalodes_cbs_100304,ftp://ftp.ensemblgenomes.org/pub/release-36/fungi/fasta/fungi_ascomycota3_collection/pyronema_omphalodes_cbs_100304/cds/
rasamsonia_emersonii_cbs_393_64,ftp://ftp.ensemblgenomes.org/pub/release-36/fungi/fasta/fungi_ascomycota2_collection/rasamsonia_emersonii_cbs_393_64/cds/
rhinocladiella_mackenziei_cbs_650_93,ftp://ftp.ensemblgenomes.org/pub/release-36/fungi/fasta/fungi_ascomycota2_collection/rhinocladiella_mackenziei_cbs_650_93/cds/
rhizoctonia_solani_ag_1_ia,ftp://ftp.ensemblgenomes.org/pub/release-36/fungi/fasta/fungi_basidiomycota1_collection/rhizoctonia_solani_ag_1_ia/cds/
rhizophagus_irregularis_daom_181602,ftp://ftp.ensemblgenomes.org/pub/release-36/fungi/fasta/fungi_glomeromycota1_collection/rhizophagus_irregularis_daom_181602/cds/
rhizopogon_vinicolor_am_or11_026,ftp://ftp.ensemblgenomes.org/pub/release-36/fungi/fasta/fungi_basidiomycota1_collection/rhizopogon_vinicolor_am_or11_026/cds/
rhizopus_delemar_ra_99_880,ftp://ftp.ensemblgenomes.org/pub/release-36/fungi/fasta/fungi_fungiincertaesedis1_collection/rhizopus_delemar_ra_99_880/cds/
rhodotorula_graminis_wp1,ftp://ftp.ensemblgenomes.org/pub/release-36/fungi/fasta/fungi_basidiomycota1_collection/rhodotorula_graminis_wp1/cds/
rhodotorula_sp_jg_1b,ftp://ftp.ensemblgenomes.org/pub/release-36/fungi/fasta/fungi_basidiomycota1_collection/rhodotorula_sp_jg_1b/cds/
rhodotorula_toruloides_np11,ftp://ftp.ensemblgenomes.org/pub/release-36/fungi/fasta/fungi_basidiomycota1_collection/rhodotorula_toruloides_np11/cds/
rosellinia_necatrix,ftp://ftp.ensemblgenomes.org/pub/release-36/fungi/fasta/fungi_ascomycota3_collection/rosellinia_necatrix/cds/
rozella_allomycis_csf55,ftp://ftp.ensemblgenomes.org/pub/release-36/fungi/fasta/fungi_rozellomycota1_collection/rozella_allomycis_csf55/cds/
saccharomyces_arboricola_h_6,ftp://ftp.ensemblgenomes.org/pub/release-36/fungi/fasta/fungi_ascomycota1_collection/saccharomyces_arboricola_h_6/cds/
saccharomyces_cerevisiae_x_saccharomyces_kudriavzevii_vin7,ftp://ftp.ensemblgenomes.org/pub/release-36/fungi/fasta/fungi_ascomycota1_collection/saccharomyces_cerevisiae_x_saccharomyces_kudriavzevii_vin7/cds/
saccharomyces_eubayanus,ftp://ftp.ensemblgenomes.org/pub/release-36/fungi/fasta/fungi_ascomycota3_collection/saccharomyces_eubayanus/cds/
saccharomyces_kudriavzevii_ifo_1802,ftp://ftp.ensemblgenomes.org/pub/release-36/fungi/fasta/fungi_ascomycota1_collection/saccharomyces_kudriavzevii_ifo_1802/cds/
saccharomyces_sp_boulardii_,ftp://ftp.ensemblgenomes.org/pub/release-36/fungi/fasta/fungi_ascomycota3_collection/saccharomyces_sp_boulardii_/cds/
saccharomycetaceae_sp_ashbya_aceri_,ftp://ftp.ensemblgenomes.org/pub/release-36/fungi/fasta/fungi_ascomycota1_collection/saccharomycetaceae_sp_ashbya_aceri_/cds/
saitoella_complicata_nrrl_y_17804,ftp://ftp.ensemblgenomes.org/pub/release-36/fungi/fasta/fungi_ascomycota2_collection/saitoella_complicata_nrrl_y_17804/cds/
scedosporium_apiospermum,ftp://ftp.ensemblgenomes.org/pub/release-36/fungi/fasta/fungi_ascomycota1_collection/scedosporium_apiospermum/cds/
scheffersomyces_stipitis_cbs_6054,ftp://ftp.ensemblgenomes.org/pub/release-36/fungi/fasta/fungi_ascomycota1_collection/scheffersomyces_stipitis_cbs_6054/cds/
schizophyllum_commune_h4_8,ftp://ftp.ensemblgenomes.org/pub/release-36/fungi/fasta/fungi_basidiomycota1_collection/schizophyllum_commune_h4_8/cds/
schizopora_paradoxa,ftp://ftp.ensemblgenomes.org/pub/release-36/fungi/fasta/fungi_basidiomycota1_collection/schizopora_paradoxa/cds/
schizosaccharomyces_cryophilus,ftp://ftp.ensemblgenomes.org/pub/release-36/fungi/fasta/schizosaccharomyces_cryophilus/cds/
schizosaccharomyces_japonicus,ftp://ftp.ensemblgenomes.org/pub/release-36/fungi/fasta/schizosaccharomyces_japonicus/cds/
schizosaccharomyces_octosporus,ftp://ftp.ensemblgenomes.org/pub/release-36/fungi/fasta/schizosaccharomyces_octosporus/cds/
schizosaccharomyces_pombe,ftp://ftp.ensemblgenomes.org/pub/release-36/fungi/fasta/schizosaccharomyces_pombe/cds/
scleroderma_citrinum_foug_a,ftp://ftp.ensemblgenomes.org/pub/release-36/fungi/fasta/fungi_basidiomycota1_collection/scleroderma_citrinum_foug_a/cds/
sclerotinia_borealis_f_4157,ftp://ftp.ensemblgenomes.org/pub/release-36/fungi/fasta/fungi_ascomycota1_collection/sclerotinia_borealis_f_4157/cds/
sclerotinia_sclerotiorum,ftp://ftp.ensemblgenomes.org/pub/release-36/fungi/fasta/sclerotinia_sclerotiorum/cds/
serendipita_indica_dsm_11827,ftp://ftp.ensemblgenomes.org/pub/release-36/fungi/fasta/fungi_basidiomycota1_collection/serendipita_indica_dsm_11827/cds/
serendipita_vermifera_maff_305830,ftp://ftp.ensemblgenomes.org/pub/release-36/fungi/fasta/fungi_basidiomycota1_collection/serendipita_vermifera_maff_305830/cds/
serpula_lacrymans_var_lacrymans_s7_3,ftp://ftp.ensemblgenomes.org/pub/release-36/fungi/fasta/fungi_basidiomycota1_collection/serpula_lacrymans_var_lacrymans_s7_3/cds/
setosphaeria_turcica_et28a,ftp://ftp.ensemblgenomes.org/pub/release-36/fungi/fasta/fungi_ascomycota1_collection/setosphaeria_turcica_et28a/cds/
sistotremastrum_niveocremeum_hhb9708,ftp://ftp.ensemblgenomes.org/pub/release-36/fungi/fasta/fungi_basidiomycota1_collection/sistotremastrum_niveocremeum_hhb9708/cds/
sistotremastrum_suecicum_hhb10207_ss_3,ftp://ftp.ensemblgenomes.org/pub/release-36/fungi/fasta/fungi_basidiomycota1_collection/sistotremastrum_suecicum_hhb10207_ss_3/cds/
sordaria_macrospora,ftp://ftp.ensemblgenomes.org/pub/release-36/fungi/fasta/fungi_ascomycota1_collection/sordaria_macrospora/cds/
spathaspora_passalidarum_nrrl_y_27907,ftp://ftp.ensemblgenomes.org/pub/release-36/fungi/fasta/fungi_ascomycota1_collection/spathaspora_passalidarum_nrrl_y_27907/cds/
sphaerobolus_stellatus_ss14,ftp://ftp.ensemblgenomes.org/pub/release-36/fungi/fasta/fungi_basidiomycota1_collection/sphaerobolus_stellatus_ss14/cds/
sphaerulina_musiva_so2202,ftp://ftp.ensemblgenomes.org/pub/release-36/fungi/fasta/fungi_ascomycota1_collection/sphaerulina_musiva_so2202/cds/
spizellomyces_punctatus_daom_br117,ftp://ftp.ensemblgenomes.org/pub/release-36/fungi/fasta/fungi_chytridiomycota1_collection/spizellomyces_punctatus_daom_br117/cds/
sporidiobolus_salmonicolor,ftp://ftp.ensemblgenomes.org/pub/release-36/fungi/fasta/fungi_basidiomycota1_collection/sporidiobolus_salmonicolor/cds/
sporisorium_reilianum,ftp://ftp.ensemblgenomes.org/pub/release-36/fungi/fasta/sporisorium_reilianum/cds/
sporisorium_scitamineum,ftp://ftp.ensemblgenomes.org/pub/release-36/fungi/fasta/fungi_basidiomycota1_collection/sporisorium_scitamineum/cds/
sporothrix_brasiliensis_5110,ftp://ftp.ensemblgenomes.org/pub/release-36/fungi/fasta/fungi_ascomycota2_collection/sporothrix_brasiliensis_5110/cds/
sporothrix_insectorum_rcef_264,ftp://ftp.ensemblgenomes.org/pub/release-36/fungi/fasta/fungi_ascomycota3_collection/sporothrix_insectorum_rcef_264/cds/
sporothrix_schenckii_atcc_58251,ftp://ftp.ensemblgenomes.org/pub/release-36/fungi/fasta/fungi_ascomycota1_collection/sporothrix_schenckii_atcc_58251/cds/
spraguea_lophii_42_110,ftp://ftp.ensemblgenomes.org/pub/release-36/fungi/fasta/fungi_microsporidia1_collection/spraguea_lophii_42_110/cds/
stachybotrys_chartarum_ibt_40293,ftp://ftp.ensemblgenomes.org/pub/release-36/fungi/fasta/fungi_ascomycota1_collection/stachybotrys_chartarum_ibt_40293/cds/
stachybotrys_chlorohalonata_ibt_40285,ftp://ftp.ensemblgenomes.org/pub/release-36/fungi/fasta/fungi_ascomycota1_collection/stachybotrys_chlorohalonata_ibt_40285/cds/
stagonospora_sp_src1lsm3a,ftp://ftp.ensemblgenomes.org/pub/release-36/fungi/fasta/fungi_ascomycota3_collection/stagonospora_sp_src1lsm3a/cds/
stemphylium_lycopersici,ftp://ftp.ensemblgenomes.org/pub/release-36/fungi/fasta/fungi_ascomycota3_collection/stemphylium_lycopersici/cds/
stereum_hirsutum_fp_91666_ss1,ftp://ftp.ensemblgenomes.org/pub/release-36/fungi/fasta/fungi_basidiomycota1_collection/stereum_hirsutum_fp_91666_ss1/cds/
sugiyamaella_lignohabitans,ftp://ftp.ensemblgenomes.org/pub/release-36/fungi/fasta/fungi_ascomycota3_collection/sugiyamaella_lignohabitans/cds/
suillus_luteus_uh_slu_lm8_n1,ftp://ftp.ensemblgenomes.org/pub/release-36/fungi/fasta/fungi_basidiomycota1_collection/suillus_luteus_uh_slu_lm8_n1/cds/
talaromyces_cellulolyticus,ftp://ftp.ensemblgenomes.org/pub/release-36/fungi/fasta/fungi_ascomycota2_collection/talaromyces_cellulolyticus/cds/
talaromyces_islandicus,ftp://ftp.ensemblgenomes.org/pub/release-36/fungi/fasta/fungi_ascomycota2_collection/talaromyces_islandicus/cds/
talaromyces_marneffei_atcc_18224,ftp://ftp.ensemblgenomes.org/pub/release-36/fungi/fasta/fungi_ascomycota1_collection/talaromyces_marneffei_atcc_18224/cds/
talaromyces_stipitatus_atcc_10500,ftp://ftp.ensemblgenomes.org/pub/release-36/fungi/fasta/fungi_ascomycota1_collection/talaromyces_stipitatus_atcc_10500/cds/
termitomyces_sp_j132,ftp://ftp.ensemblgenomes.org/pub/release-36/fungi/fasta/fungi_basidiomycota1_collection/termitomyces_sp_j132/cds/
tetrapisispora_blattae_cbs_6284,ftp://ftp.ensemblgenomes.org/pub/release-36/fungi/fasta/fungi_ascomycota1_collection/tetrapisispora_blattae_cbs_6284/cds/
tetrapisispora_phaffii_cbs_4417,ftp://ftp.ensemblgenomes.org/pub/release-36/fungi/fasta/fungi_ascomycota1_collection/tetrapisispora_phaffii_cbs_4417/cds/
thielavia_terrestris_nrrl_8126,ftp://ftp.ensemblgenomes.org/pub/release-36/fungi/fasta/fungi_ascomycota1_collection/thielavia_terrestris_nrrl_8126/cds/
thielaviopsis_punctulata,ftp://ftp.ensemblgenomes.org/pub/release-36/fungi/fasta/fungi_ascomycota2_collection/thielaviopsis_punctulata/cds/
tilletia_caries,ftp://ftp.ensemblgenomes.org/pub/release-36/fungi/fasta/fungi_basidiomycota1_collection/tilletia_caries/cds/
tilletia_controversa,ftp://ftp.ensemblgenomes.org/pub/release-36/fungi/fasta/fungi_basidiomycota1_collection/tilletia_controversa/cds/
tilletia_indica,ftp://ftp.ensemblgenomes.org/pub/release-36/fungi/fasta/fungi_basidiomycota1_collection/tilletia_indica/cds/
tilletia_walkeri,ftp://ftp.ensemblgenomes.org/pub/release-36/fungi/fasta/fungi_basidiomycota1_collection/tilletia_walkeri/cds/
tilletiaria_anomala_ubc_951,ftp://ftp.ensemblgenomes.org/pub/release-36/fungi/fasta/fungi_basidiomycota1_collection/tilletiaria_anomala_ubc_951/cds/
tolypocladium_ophioglossoides_cbs_100239,ftp://ftp.ensemblgenomes.org/pub/release-36/fungi/fasta/fungi_ascomycota3_collection/tolypocladium_ophioglossoides_cbs_100239/cds/
torrubiella_hemipterigena,ftp://ftp.ensemblgenomes.org/pub/release-36/fungi/fasta/fungi_ascomycota2_collection/torrubiella_hemipterigena/cds/
tortispora_caseinolytica_nrrl_y_17796,ftp://ftp.ensemblgenomes.org/pub/release-36/fungi/fasta/fungi_ascomycota3_collection/tortispora_caseinolytica_nrrl_y_17796/cds/
torulaspora_delbrueckii,ftp://ftp.ensemblgenomes.org/pub/release-36/fungi/fasta/fungi_ascomycota1_collection/torulaspora_delbrueckii/cds/
trachipleistophora_hominis,ftp://ftp.ensemblgenomes.org/pub/release-36/fungi/fasta/fungi_microsporidia1_collection/trachipleistophora_hominis/cds/
trametes_cinnabarina,ftp://ftp.ensemblgenomes.org/pub/release-36/fungi/fasta/fungi_basidiomycota1_collection/trametes_cinnabarina/cds/
trametes_versicolor_fp_101664_ss1,ftp://ftp.ensemblgenomes.org/pub/release-36/fungi/fasta/fungi_basidiomycota1_collection/trametes_versicolor_fp_101664_ss1/cds/
tremella_mesenterica_dsm_1558,ftp://ftp.ensemblgenomes.org/pub/release-36/fungi/fasta/fungi_basidiomycota1_collection/tremella_mesenterica_dsm_1558/cds/
trichoderma_atroviride_imi_206040,ftp://ftp.ensemblgenomes.org/pub/release-36/fungi/fasta/fungi_ascomycota1_collection/trichoderma_atroviride_imi_206040/cds/
trichoderma_gamsii,ftp://ftp.ensemblgenomes.org/pub/release-36/fungi/fasta/fungi_ascomycota3_collection/trichoderma_gamsii/cds/
trichoderma_harzianum,ftp://ftp.ensemblgenomes.org/pub/release-36/fungi/fasta/fungi_ascomycota2_collection/trichoderma_harzianum/cds/
trichoderma_reesei,ftp://ftp.ensemblgenomes.org/pub/release-36/fungi/fasta/trichoderma_reesei/cds/
trichoderma_virens,ftp://ftp.ensemblgenomes.org/pub/release-36/fungi/fasta/trichoderma_virens/cds/
trichophyton_equinum_cbs_127_97,ftp://ftp.ensemblgenomes.org/pub/release-36/fungi/fasta/fungi_ascomycota1_collection/trichophyton_equinum_cbs_127_97/cds/
trichophyton_interdigitale_mr816,ftp://ftp.ensemblgenomes.org/pub/release-36/fungi/fasta/fungi_ascomycota1_collection/trichophyton_interdigitale_mr816/cds/
trichophyton_rubrum_cbs_118892,ftp://ftp.ensemblgenomes.org/pub/release-36/fungi/fasta/fungi_ascomycota1_collection/trichophyton_rubrum_cbs_118892/cds/
trichophyton_soudanense_cbs_452_61,ftp://ftp.ensemblgenomes.org/pub/release-36/fungi/fasta/fungi_ascomycota1_collection/trichophyton_soudanense_cbs_452_61/cds/
trichophyton_tonsurans_cbs_112818,ftp://ftp.ensemblgenomes.org/pub/release-36/fungi/fasta/fungi_ascomycota1_collection/trichophyton_tonsurans_cbs_112818/cds/
trichophyton_verrucosum_hki_0517,ftp://ftp.ensemblgenomes.org/pub/release-36/fungi/fasta/fungi_ascomycota1_collection/trichophyton_verrucosum_hki_0517/cds/
trichophyton_violaceum,ftp://ftp.ensemblgenomes.org/pub/release-36/fungi/fasta/fungi_ascomycota3_collection/trichophyton_violaceum/cds/
trichosporon_asahii_var_asahii_cbs_8904,ftp://ftp.ensemblgenomes.org/pub/release-36/fungi/fasta/fungi_basidiomycota1_collection/trichosporon_asahii_var_asahii_cbs_8904/cds/
tsuchiyaea_wingfieldii_cbs_7118,ftp://ftp.ensemblgenomes.org/pub/release-36/fungi/fasta/fungi_basidiomycota1_collection/tsuchiyaea_wingfieldii_cbs_7118/cds/
tuber_melanosporum,ftp://ftp.ensemblgenomes.org/pub/release-36/fungi/fasta/tuber_melanosporum/cds/
tulasnella_calospora_mut_4182,ftp://ftp.ensemblgenomes.org/pub/release-36/fungi/fasta/fungi_basidiomycota1_collection/tulasnella_calospora_mut_4182/cds/
uncinocarpus_reesii_1704,ftp://ftp.ensemblgenomes.org/pub/release-36/fungi/fasta/fungi_ascomycota1_collection/uncinocarpus_reesii_1704/cds/
ustilaginoidea_virens,ftp://ftp.ensemblgenomes.org/pub/release-36/fungi/fasta/fungi_ascomycota1_collection/ustilaginoidea_virens/cds/
ustilago_hordei,ftp://ftp.ensemblgenomes.org/pub/release-36/fungi/fasta/fungi_basidiomycota1_collection/ustilago_hordei/cds/
ustilago_maydis,ftp://ftp.ensemblgenomes.org/pub/release-36/fungi/fasta/ustilago_maydis/cds/
valsa_mali_var_pyri,ftp://ftp.ensemblgenomes.org/pub/release-36/fungi/fasta/fungi_ascomycota3_collection/valsa_mali_var_pyri/cds/
vanderwaltozyma_polyspora_dsm_70294,ftp://ftp.ensemblgenomes.org/pub/release-36/fungi/fasta/fungi_ascomycota1_collection/vanderwaltozyma_polyspora_dsm_70294/cds/
vavraia_culicis_subsp_floridensis,ftp://ftp.ensemblgenomes.org/pub/release-36/fungi/fasta/fungi_microsporidia1_collection/vavraia_culicis_subsp_floridensis/cds/
verruconis_gallopava,ftp://ftp.ensemblgenomes.org/pub/release-36/fungi/fasta/fungi_ascomycota2_collection/verruconis_gallopava/cds/
verticillium_alfalfae_vams_102,ftp://ftp.ensemblgenomes.org/pub/release-36/fungi/fasta/fungi_ascomycota1_collection/verticillium_alfalfae_vams_102/cds/
verticillium_dahliae,ftp://ftp.ensemblgenomes.org/pub/release-36/fungi/fasta/verticillium_dahliae/cds/
verticillium_longisporum,ftp://ftp.ensemblgenomes.org/pub/release-36/fungi/fasta/fungi_ascomycota3_collection/verticillium_longisporum/cds/
vittaforma_corneae_atcc_50505,ftp://ftp.ensemblgenomes.org/pub/release-36/fungi/fasta/fungi_microsporidia1_collection/vittaforma_corneae_atcc_50505/cds/
wallemia_ichthyophaga_exf_994,ftp://ftp.ensemblgenomes.org/pub/release-36/fungi/fasta/fungi_basidiomycota1_collection/wallemia_ichthyophaga_exf_994/cds/
wallemia_mellicola_cbs_633_66,ftp://ftp.ensemblgenomes.org/pub/release-36/fungi/fasta/fungi_basidiomycota1_collection/wallemia_mellicola_cbs_633_66/cds/
wickerhamomyces_anomalus_nrrl_y_366_8,ftp://ftp.ensemblgenomes.org/pub/release-36/fungi/fasta/fungi_ascomycota3_collection/wickerhamomyces_anomalus_nrrl_y_366_8/cds/
wickerhamomyces_ciferrii,ftp://ftp.ensemblgenomes.org/pub/release-36/fungi/fasta/fungi_ascomycota1_collection/wickerhamomyces_ciferrii/cds/
xanthophyllomyces_dendrorhous,ftp://ftp.ensemblgenomes.org/pub/release-36/fungi/fasta/fungi_basidiomycota1_collection/xanthophyllomyces_dendrorhous/cds/
xylona_heveae_tc161,ftp://ftp.ensemblgenomes.org/pub/release-36/fungi/fasta/fungi_ascomycota3_collection/xylona_heveae_tc161/cds/
yarrowia_lipolytica,ftp://ftp.ensemblgenomes.org/pub/release-36/fungi/fasta/yarrowia_lipolytica/cds/
zygosaccharomyces_bailii_isa1307,ftp://ftp.ensemblgenomes.org/pub/release-36/fungi/fasta/fungi_ascomycota1_collection/zygosaccharomyces_bailii_isa1307/cds/
zygosaccharomyces_rouxii,ftp://ftp.ensemblgenomes.org/pub/release-36/fungi/fasta/fungi_ascomycota1_collection/zygosaccharomyces_rouxii/cds/
zymoseptoria_brevis,ftp://ftp.ensemblgenomes.org/pub/release-36/fungi/fasta/fungi_ascomycota2_collection/zymoseptoria_brevis/cds/
zymoseptoria_tritici,ftp://ftp.ensemblgenomes.org/pub/release-36/fungi/fasta/zymoseptoria_tritici/cds/
_candida_auris,ftp://ftp.ensemblgenomes.org/pub/release-36/fungi/fasta/fungi_ascomycota3_collection/_candida_auris/cds/
_candida_glabrata,ftp://ftp.ensemblgenomes.org/pub/release-36/fungi/fasta/fungi_ascomycota1_collection/_candida_glabrata/cds/
_candida_tenuis_atcc_10573,ftp://ftp.ensemblgenomes.org/pub/release-36/fungi/fasta/fungi_ascomycota1_collection/_candida_tenuis_atcc_10573/cds/
